상호,주소,메뉴,방송,출처
감골식당 성서본점,대구 달서구 이곡서로 37-1,딩기장 백반,,https://v.daum.net/v/B572bye46l
온돌방식당,대구 중구 동성로12길 72-9,백반,100회 특집(이찬원),https://www.siksinhot.com/theme/magazine/2832
미가식당,대구 달서구 달구벌대로309길 18,냄비밥 백반,,https://www.siksinhot.com/theme/magazine/2832
울릉도호박집,강원 삼척시 오십천로 496,,,https://v.daum.net/v/B572bye46l
동막골,전북 남원시 요천로 1537,,,https://v.daum.net/v/B572bye46l
범생이포차,서울 양천구 화곡로13길 7,,,https://v.daum.net/v/1rx5VXVZhp
신명먹거리,서울 성동구 상원6길 3,백반,,https://www.siksinhot.com/theme/magazine/2832
양푼이동태탕,서울 용산구 후암로 18,동태탕,,https://v.daum.net/v/6W8ge9RfRl
사랑방칼국수,서울 중구 퇴계로27길 46,칼국수 · 백숙,,https://v.daum.net/v/6W8ge9RfRl
동원집,서울 중구 퇴계로27길 48,감자국 · 순대국,,https://v.daum.net/v/6W8ge9RfRl
옥경이네 건생선,서울 중구 퇴계로85길 7,건생선구이,,https://v.daum.net/v/6W8ge9RfRl
청와옥 본점,서울 송파구 위례성대로 48,순대국 · 편백정식,2026-03-29,https://go.cbsbada.com/%EB%B0%B1%EB%B0%98%EA%B8%B0%ED%96%89-%EC%86%A1%ED%8C%8C-%EC%88%9C%EB%8C%80%EA%B5%AD-%ED%8E%B8%EB%B0%B1%EC%A0%95%EC%8B%9D-%EC%98%A4%EC%A7%95%EC%96%B4%EC%88%AF%EB%B6%88%EA%B5%AC%EC%9D%B4-%EB%A7%9B/
진도아리랑,서울 강동구 양재대로110길 7,남도 백반,손담비 편,https://tournwine.com/entry/%ED%97%88%EC%98%81%EB%A7%8C%EC%9D%98-%EB%B0%B1%EB%B0%98%EA%B8%B0%ED%96%89-%EC%84%9C%EC%9A%B8-%EB%82%A8%EB%8F%84-%EB%B0%B1%EB%B0%98-%EB%A7%9B%EC%A7%91-%EC%9C%84%EC%B9%98-%EB%B0%8F-%EB%B0%A9%EB%AC%B8%ED%8C%81-feat-%EC%86%90%EB%8B%B4%EB%B9%84
돌집,전남 목포시 번화로 67,갈치찜 백반,,https://www.siksinhot.com/theme/magazine/6229
땅제가든,전북 부안군 보안면 청자로 1399,민물참게장 백반,,https://www.siksinhot.com/theme/magazine/6229
백마가든,제주 제주시 조천읍 중산간동로 347,말고기 모듬구이 · 육사시미,이성재의 제주 밥상,https://tournwine.com/entry/%ED%97%88%EC%98%81%EB%A7%8C%EC%9D%98-%EB%B0%B1%EB%B0%98%EA%B8%B0%ED%96%89-%EC%A0%9C%EC%A3%BC%EB%8F%84-%EB%A7%90%EA%B3%A0%EA%B8%B0-%EB%A7%9B%EC%A7%91-%EC%9C%84%EC%B9%98-%EB%B0%8F-%EB%B0%A9%EB%AC%B8%ED%8C%81
연산시장도토리묵,충남 논산시 연산면 연산4길 10-5,묵밥 · 도토리묵정식,,https://tournwine.com/
남한강막국수 중앙탑본점,충북 충주시 중앙탑면 중앙탑길 113,순메밀 막국수 · 수육,최자의 충주 밥상,https://tournwine.com/entry/%ED%97%88%EC%98%81%EB%A7%8C%EC%9D%98-%EB%B0%B1%EB%B0%98%EA%B8%B0%ED%96%89-%EC%B5%9C%EC%9E%90%EC%9D%98-%EC%B6%A9%EC%A3%BC-%EB%B0%A5%EC%83%81-%EB%A7%89%EA%B5%AD%EC%88%98-%EC%88%98%EC%9C%A1-%EB%A7%9B%EC%A7%91-%EC%9C%84%EC%B9%98-%EB%B0%8F-%EB%B0%A9%EB%AC%B8%ED%8C%81
실희원,충북 충주시 동량면 조돈뒷말길 26-6,뽕잎밥 한정식,최자의 충주 밥상,https://tournwine.com/entry/%ED%97%88%EC%98%81%EB%A7%8C%EC%9D%98-%EB%B0%B1%EB%B0%98%EA%B8%B0%ED%96%89-%EC%B5%9C%EC%9E%90%EC%9D%98-%EC%B6%A9%EC%A3%BC-%EB%B0%A5%EC%83%81-%EB%BD%95%EC%9E%8E%EB%B0%A5-%ED%95%9C%EC%A0%95%EC%8B%9D-%EB%A7%9B%EC%A7%91-%EC%9C%84%EC%B9%98-%EB%B0%8F-%EB%B0%A9%EB%AC%B8%ED%8C%81
