상호,주소,메뉴,출처
경주박가국밥 본점,부산 기장군 정관읍 구연2로 18,돼지국밥,https://www.kofood.net/boards/Hundred-Year
내호냉면,부산 남구 우암번영로26번길 17,밀면 · 냉면,https://www.kofood.net/boards/Hundred-Year
최정자백년식당,대구 북구 원대로 113,,https://www.kofood.net/boards/Hundred-Year
정화네하우스,대구 북구 칠성남로 216,,https://www.kofood.net/boards/Hundred-Year
광명반점,대구 북구 칠성로 70-1,중식,https://www.kofood.net/boards/Hundred-Year
꼬꼬하우스,대구 동구 아양로9길 10,닭똥집,https://www.kofood.net/boards/Hundred-Year
성미당,전북 전주시 완산구 전라감영5길 19-9,전주비빔밥,https://www.kofood.net/boards/Hundred-Year
한일관 본점,전북 전주시 완산구 어은로 48,,https://www.kofood.net/boards/Hundred-Year
가족회관,전북 전주시 완산구 전라감영5길 17,전주비빔밥,https://www.kofood.net/boards/Hundred-Year
대문점,서울 영등포구 영중로10길 30,,https://www.kofood.net/boards/Hundred-Year
예원,서울 성북구 성북로8길 8,한식,https://www.kofood.net/boards/Hundred-Year
