업체명,구분
"신안촌",음식점
"돈비어천가",음식점
"정화네하우스",음식점
"꼬꼬하우스",음식점
"서울깍두기",음식점
"초리골초계탕",음식점
"태극당",음식점
"㈜이성당",음식점
"로쏘 주식회사(성심당)",음식점
"주식회사 피터팬식품(피터팬1978)",음식점
"한일관본점",음식점
"일미복요리전문점",음식점
"광천원조어죽",음식점
"동궁염소탕",음식점
"문경정 짱뚱어탕 전문점",음식점
"정자참가자미",음식점
"돌고래회",음식점
"봉평메밀미가연",음식점
"박현자네 더덕밥",음식점
"맛 50년 헛제사밥",음식점
"옥류헌",음식점
"참누렁소",음식점
"신사동염소탕",음식점
"원조백년옻닭",음식점
"한양팥죽",음식점
"복터진집본점",음식점
"중국성",음식점
"베이징덕",음식점
"만강홍",음식점
"야래향",음식점
"상하이",음식점
"히노야마",음식점
"화정맛집민쿡다시마",음식점
"먹거리마당",음식점
"명동왕족",음식점
"떡서방콩고물각시",음식점
"브레드바바",음식점
"유한회사 제이베이커스",음식점
"오븐 마스터",음식점
"케익나라",음식점
"프랑세즈",음식점
"맥아당",음식점
"호원당",음식점
"성미당",음식점
"주식회사 화월당",음식점
"판문점",음식점
"장수촌",음식점
"황토길",음식점
"방자네 (산골물)",음식점
"박터진흥부네",음식점
"마포나루(1호점)",음식점
"갯바위",음식점
"회초랑",음식점
"조가네",음식점
"(주) 마당에모닥불하늘엔둥근달",음식점
"낮엔해처럼밤엔달처럼",음식점
"대문점",음식점
"물머리집",음식점
"잔고개소머리곰탕",음식점
"삼기꽃게장전문",음식점
"마루솥뚜껑와인삼겹살",음식점
"은용골농장가든",음식점
"수양농장가든",음식점
"옥수굴비",기타
"영광굴비",기타
"뷰토피아퀸",기타
"우드아트",기타
"해성장식",기타
"코스모스북",기타
"에이치에스디아이",기타
"한양모사",기타
"지앤지오(G&GO)말글터",기타
"퀼트하우스",기타
"대동목욕탕",기타
"서울목욕탕",기타
"영주목욕탕",기타
"올림픽사",기타
"책이있는글터",기타
"시떼저팬 (CJ. Gallery)",기타
"㈜워터스톤",기타
"한주토피스",기타
"(주)제일레져",기타
"교학사",기타
"한국퓨마에어센타",기타
"(주)극광사",기타
"오대양물산",기타
"정문농산",기타
"굴다리식품",기타
"장흥식품",기타
"우창식품",기타
"㈜덕화푸드",기타
"(주)광신푸드모아",기타
"주식회사서해냉동식품",기타
"농업회사법인 킴스어페드㈜",기타
"강전사",기타
"성호사",기타
"녹원사",기타
"비단빔",기타
"아이클럽",기타
"피엔비 (PNB)",기타
"㈜옹기장터",기타
"황금당",기타
"은혜반찬2",기타
"88 수족관",기타
"대성이발관",기타
"태양이발관",기타
"덕성이발관",기타
"댕기미장원",기타
"삼성영신직매장",기타
"주식회사 사리원푸드",음식점
"방파제",음식점
"주식회사 예향",음식점
"노틀담&바이슨",기타
"미인가",기타
"신원당식품",기타
"(주)디모스",기타
